label,score
positive,0.9999381303787231
negative,0.9995824694633484
neutral,0.9999364614486694
