label,score
LABEL_0,0.9998229146003723
LABEL_1,0.8199573159217834
LABEL_2,0.9997598528862
